Measured at,Water drawn
2022-11-17 00:03:45+02:00,False
2022-11-17 00:08:46+02:00,False
2022-11-17 00:13:47+02:00,False
2022-11-17 00:18:48+02:00,False
2022-11-17 00:23:50+02:00,False
2022-11-17 00:28:51+02:00,False
2022-11-17 00:33:45+02:00,False
2022-11-17 00:38:47+02:00,False
2022-11-17 00:43:48+02:00,False
2022-11-17 00:48:49+02:00,False
2022-11-17 00:53:50+02:00,False
2022-11-17 00:58:45+02:00,False
2022-11-17 01:03:46+02:00,False
2022-11-17 01:08:47+02:00,False
2022-11-17 01:13:48+02:00,False
2022-11-17 01:18:50+02:00,False
2022-11-17 01:23:51+02:00,False
2022-11-17 01:28:45+02:00,False
2022-11-17 01:33:47+02:00,False
2022-11-17 01:38:48+02:00,False
2022-11-17 01:43:49+02:00,False
2022-11-17 01:48:50+02:00,False
2022-11-17 01:53:51+02:00,False
2022-11-17 01:58:46+02:00,False
2022-11-17 02:03:47+02:00,False
2022-11-17 02:08:48+02:00,False
2022-11-17 02:13:49+02:00,False
2022-11-17 02:18:50+02:00,False
2022-11-17 02:23:45+02:00,False
2022-11-17 02:28:46+02:00,False
2022-11-17 02:33:47+02:00,False
2022-11-17 02:38:46+02:00,False
2022-11-17 02:43:48+02:00,False
2022-11-17 02:48:49+02:00,False
2022-11-17 02:53:50+02:00,False
2022-11-17 02:58:51+02:00,False
2022-11-17 03:03:45+02:00,False
2022-11-17 03:08:47+02:00,False
2022-11-17 03:13:46+02:00,False
2022-11-17 03:18:47+02:00,False
2022-11-17 03:23:48+02:00,False
2022-11-17 03:28:50+02:00,False
2022-11-17 03:33:51+02:00,False
2022-11-17 03:38:45+02:00,False
2022-11-17 03:43:46+02:00,False
2022-11-17 03:48:48+02:00,False
2022-11-17 03:53:49+02:00,False
2022-11-17 03:58:50+02:00,False
2022-11-17 04:03:45+02:00,False
2022-11-17 04:08:46+02:00,False
2022-11-17 04:13:47+02:00,False
2022-11-17 04:18:48+02:00,False
2022-11-17 04:23:49+02:00,False
2022-11-17 04:28:50+02:00,False
2022-11-17 04:33:45+02:00,False
2022-11-17 04:38:46+02:00,False
2022-11-17 04:43:47+02:00,False
2022-11-17 04:48:49+02:00,False
2022-11-17 04:53:50+02:00,False
2022-11-17 04:58:51+02:00,False
2022-11-17 05:03:45+02:00,False
2022-11-17 05:08:46+02:00,False
2022-11-17 05:13:48+02:00,False
2022-11-17 05:18:49+02:00,False
2022-11-17 05:23:50+02:00,False
2022-11-17 05:28:51+02:00,False
2022-11-17 05:33:46+02:00,False
2022-11-17 05:38:47+02:00,False
2022-11-17 05:43:48+02:00,False
2022-11-17 05:48:49+02:00,False
2022-11-17 05:53:50+02:00,False
2022-11-17 05:58:45+02:00,False
2022-11-17 06:03:47+02:00,False
2022-11-17 06:08:48+02:00,False
2022-11-17 06:13:49+02:00,False
2022-11-17 06:18:50+02:00,False
2022-11-17 06:23:45+02:00,False
2022-11-17 06:28:46+02:00,False
2022-11-17 06:33:47+02:00,False
2022-11-17 06:38:48+02:00,False
2022-11-17 06:43:49+02:00,False
2022-11-17 06:48:50+02:00,False
2022-11-17 06:53:45+02:00,False
2022-11-17 06:58:46+02:00,False
2022-11-17 07:03:47+02:00,False
2022-11-17 07:08:48+02:00,False
2022-11-17 07:13:50+02:00,False
2022-11-17 07:18:51+02:00,False
2022-11-17 07:23:50+02:00,False
2022-11-17 07:28:45+02:00,False
2022-11-17 07:33:46+02:00,False
2022-11-17 07:38:47+02:00,False
2022-11-17 07:43:48+02:00,False
2022-11-17 07:48:50+02:00,False
2022-11-17 07:53:51+02:00,False
2022-11-17 07:58:50+02:00,False
2022-11-17 08:03:45+02:00,False
2022-11-17 08:08:46+02:00,False
2022-11-17 08:13:48+02:00,False
2022-11-17 08:18:49+02:00,False
2022-11-17 08:23:50+02:00,False
2022-11-17 08:28:51+02:00,False
2022-11-17 08:33:46+02:00,False
2022-11-17 08:38:47+02:00,False
2022-11-17 08:43:48+02:00,False
2022-11-17 08:48:49+02:00,False
2022-11-17 08:53:50+02:00,False
2022-11-17 08:58:51+02:00,False
2022-11-17 09:03:46+02:00,False
2022-11-17 09:08:47+02:00,False
2022-11-17 09:13:50+02:00,False
2022-11-17 09:18:46+02:00,False
2022-11-17 09:23:45+02:00,False
2022-11-17 09:28:54+02:00,False
2022-11-17 09:33:52+02:00,False
2022-11-17 09:38:51+02:00,False
2022-11-17 09:43:52+02:00,False
2022-11-17 09:48:53+02:00,False
2022-11-17 09:53:53+02:00,False
2022-11-17 09:58:50+02:00,False
2022-11-17 10:03:49+02:00,False
2022-11-17 10:08:46+02:00,False
2022-11-17 10:11:12+02:00,False
2022-11-17 10:11:27+02:00,False
2022-11-17 10:13:54+02:00,False
2022-11-17 10:18:46+02:00,False
2022-11-17 10:23:55+02:00,False
2022-11-17 10:28:48+02:00,False
2022-11-17 10:33:45+02:00,False
2022-11-17 10:38:54+02:00,False
2022-11-17 10:42:14+02:00,False
2022-11-17 10:43:47+02:00,False
2022-11-17 10:48:55+02:00,False
2022-11-17 10:53:55+02:00,False
2022-11-17 10:58:52+02:00,False
2022-11-17 11:03:45+02:00,False
2022-11-17 11:08:51+02:00,False
2022-11-17 11:13:48+02:00,False
2022-11-17 11:18:46+02:00,False
2022-11-17 11:23:55+02:00,False
2022-11-17 11:28:48+02:00,False
2022-11-17 11:33:51+02:00,False
2022-11-17 11:38:49+02:00,False
2022-11-17 11:43:46+02:00,False
2022-11-17 11:48:56+02:00,False
2022-11-17 11:53:54+02:00,False
2022-11-17 11:58:53+02:00,False
2022-11-17 12:03:50+02:00,False
2022-11-17 12:08:52+02:00,False
2022-11-17 12:13:50+02:00,False
2022-11-17 12:18:47+02:00,False
2022-11-17 12:23:45+02:00,False
2022-11-17 12:28:56+02:00,False
2022-11-17 12:33:56+02:00,False
2022-11-17 12:38:54+02:00,False
2022-11-17 12:43:52+02:00,False
2022-11-17 12:48:52+02:00,False
2022-11-17 12:53:52+02:00,False
2022-11-17 12:58:49+02:00,False
2022-11-17 13:03:50+02:00,False
2022-11-17 13:08:47+02:00,False
2022-11-17 13:13:56+02:00,False
2022-11-17 13:18:47+02:00,False
2022-11-17 13:23:45+02:00,False
2022-11-17 13:28:56+02:00,False
2022-11-17 13:33:45+02:00,False
2022-11-17 13:38:54+02:00,False
2022-11-17 13:43:54+02:00,False
2022-11-17 13:48:52+02:00,False
2022-11-17 13:53:49+02:00,False
2022-11-17 13:58:55+02:00,False
2022-11-17 14:01:28+02:00,False
2022-11-17 14:03:47+02:00,False
2022-11-17 14:08:55+02:00,False
2022-11-17 14:13:53+02:00,False
2022-11-17 14:18:50+02:00,False
2022-11-17 14:23:47+02:00,False
2022-11-17 14:28:55+02:00,False
2022-11-17 14:33:52+02:00,False
2022-11-17 14:38:50+02:00,False
2022-11-17 14:43:47+02:00,False
2022-11-17 14:48:45+02:00,False
2022-11-17 14:53:53+02:00,False
2022-11-17 14:58:50+02:00,False
2022-11-17 15:03:47+02:00,False
2022-11-17 15:08:56+02:00,False
2022-11-17 15:13:53+02:00,False
2022-11-17 15:18:51+02:00,False
2022-11-17 15:23:48+02:00,False
2022-11-17 15:28:46+02:00,False
2022-11-17 15:33:54+02:00,False
2022-11-17 15:38:52+02:00,False
2022-11-17 15:43:49+02:00,False
2022-11-17 15:48:46+02:00,False
2022-11-17 15:51:50+02:00,False
2022-11-17 15:52:10+02:00,False
2022-11-17 15:52:26+02:00,False
2022-11-17 15:52:40+02:00,False
2022-11-17 15:52:56+02:00,False
2022-11-17 15:53:49+02:00,False
2022-11-17 15:58:46+02:00,False
2022-11-17 16:03:55+02:00,False
2022-11-17 16:08:52+02:00,False
2022-11-17 16:13:49+02:00,False
2022-11-17 16:18:47+02:00,False
2022-11-17 16:23:56+02:00,False
2022-11-17 16:28:53+02:00,False
2022-11-17 16:33:50+02:00,False
2022-11-17 16:38:47+02:00,False
2022-11-17 16:43:45+02:00,False
2022-11-17 16:48:54+02:00,False
2022-11-17 16:53:52+02:00,False
2022-11-17 16:58:50+02:00,False
2022-11-17 17:03:48+02:00,False
2022-11-17 17:08:45+02:00,False
2022-11-17 17:13:54+02:00,False
2022-11-17 17:18:52+02:00,True
2022-11-17 17:23:50+02:00,False
2022-11-17 17:28:53+02:00,False
2022-11-17 17:33:50+02:00,False
2022-11-17 17:38:47+02:00,False
2022-11-17 17:43:56+02:00,False
2022-11-17 17:48:53+02:00,False
2022-11-17 17:53:50+02:00,False
2022-11-17 17:58:49+02:00,True
2022-11-17 18:03:47+02:00,True
2022-11-17 18:08:56+02:00,True
2022-11-17 18:13:53+02:00,True
2022-11-17 18:18:50+02:00,False
2022-11-17 18:23:47+02:00,False
2022-11-17 18:28:45+02:00,False
2022-11-17 18:33:54+02:00,False
2022-11-17 18:38:51+02:00,False
2022-11-17 18:43:48+02:00,False
2022-11-17 18:48:45+02:00,False
2022-11-17 18:53:54+02:00,False
2022-11-17 18:58:51+02:00,True
2022-11-17 19:03:49+02:00,False
2022-11-17 19:08:46+02:00,False
2022-11-17 19:13:54+02:00,False
2022-11-17 19:18:52+02:00,False
2022-11-17 19:23:49+02:00,False
2022-11-17 19:28:46+02:00,False
2022-11-17 19:33:55+02:00,False
2022-11-17 19:38:52+02:00,False
2022-11-17 19:43:49+02:00,False
2022-11-17 19:48:46+02:00,False
2022-11-17 19:53:55+02:00,False
2022-11-17 19:58:53+02:00,False
2022-11-17 20:03:50+02:00,False
2022-11-17 20:08:47+02:00,False
2022-11-17 20:13:56+02:00,False
2022-11-17 20:18:53+02:00,False
2022-11-17 20:23:50+02:00,False
2022-11-17 20:28:47+02:00,False
2022-11-17 20:33:56+02:00,False
2022-11-17 20:38:54+02:00,False
2022-11-17 20:43:51+02:00,False
2022-11-17 20:48:48+02:00,False
2022-11-17 20:53:45+02:00,False
2022-11-17 20:58:53+02:00,False
2022-11-17 21:03:51+02:00,False
2022-11-17 21:08:48+02:00,False
2022-11-17 21:13:45+02:00,False
2022-11-17 21:18:54+02:00,False
2022-11-17 21:23:51+02:00,False
2022-11-17 21:28:48+02:00,True
2022-11-17 21:33:45+02:00,True
2022-11-17 21:38:55+02:00,False
2022-11-17 21:43:52+02:00,False
2022-11-17 21:48:48+02:00,False
2022-11-17 21:53:46+02:00,False
2022-11-17 21:58:54+02:00,False
2022-11-17 22:03:51+02:00,False
2022-11-17 22:08:48+02:00,False
2022-11-17 22:13:46+02:00,False
2022-11-17 22:18:55+02:00,False
2022-11-17 22:23:52+02:00,False
2022-11-17 22:28:49+02:00,False
2022-11-17 22:33:47+02:00,False
2022-11-17 22:38:56+02:00,False
2022-11-17 22:43:53+02:00,False
2022-11-17 22:48:50+02:00,False
2022-11-17 22:53:47+02:00,False
2022-11-17 22:58:56+02:00,False
2022-11-17 23:03:53+02:00,False
2022-11-17 23:08:50+02:00,False
2022-11-17 23:13:47+02:00,False
2022-11-17 23:18:56+02:00,True
2022-11-17 23:23:53+02:00,False
2022-11-17 23:28:51+02:00,False
2022-11-17 23:33:48+02:00,False
2022-11-17 23:38:45+02:00,False
2022-11-17 23:43:54+02:00,False
2022-11-17 23:48:51+02:00,False
2022-11-17 23:53:48+02:00,False
2022-11-17 23:58:45+02:00,False
2022-11-18 00:03:54+02:00,False
2022-11-18 00:08:51+02:00,False
2022-11-18 00:13:48+02:00,False
2022-11-18 00:18:45+02:00,False
2022-11-18 00:23:54+02:00,False
2022-11-18 00:28:51+02:00,False
2022-11-18 00:33:48+02:00,False
2022-11-18 00:38:45+02:00,False
2022-11-18 00:43:54+02:00,False
2022-11-18 00:48:51+02:00,False
2022-11-18 00:53:48+02:00,False
2022-11-18 00:58:45+02:00,False
2022-11-18 01:03:54+02:00,False
2022-11-18 01:08:51+02:00,False
2022-11-18 01:13:48+02:00,False
2022-11-18 01:18:45+02:00,False
2022-11-18 01:23:54+02:00,False
2022-11-18 01:28:51+02:00,False
2022-11-18 01:33:48+02:00,False
2022-11-18 01:38:45+02:00,False
2022-11-18 01:43:54+02:00,False
2022-11-18 01:48:51+02:00,False
2022-11-18 01:53:48+02:00,False
2022-11-18 01:58:45+02:00,False
2022-11-18 02:03:54+02:00,False
2022-11-18 02:08:51+02:00,False
2022-11-18 02:13:48+02:00,False
2022-11-18 02:18:46+02:00,False
2022-11-18 02:23:55+02:00,False
2022-11-18 02:28:52+02:00,False
2022-11-18 02:33:49+02:00,False
2022-11-18 02:38:46+02:00,False
2022-11-18 02:43:55+02:00,False
2022-11-18 02:48:52+02:00,False
2022-11-18 02:53:49+02:00,False
2022-11-18 02:58:46+02:00,False
2022-11-18 03:03:55+02:00,False
2022-11-18 03:08:52+02:00,False
2022-11-18 03:13:49+02:00,False
2022-11-18 03:18:46+02:00,False
2022-11-18 03:23:55+02:00,False
2022-11-18 03:28:52+02:00,False
2022-11-18 03:33:49+02:00,False
2022-11-18 03:38:46+02:00,False
2022-11-18 03:43:54+02:00,False
2022-11-18 03:48:52+02:00,False
2022-11-18 03:53:49+02:00,False
2022-11-18 03:58:46+02:00,False
2022-11-18 04:03:54+02:00,False
2022-11-18 04:08:52+02:00,False
2022-11-18 04:13:49+02:00,False
2022-11-18 04:18:46+02:00,False
2022-11-18 04:23:54+02:00,False
2022-11-18 04:28:51+02:00,False
2022-11-18 04:33:47+02:00,False
2022-11-18 04:38:55+02:00,False
2022-11-18 04:43:52+02:00,False
2022-11-18 04:48:48+02:00,False
2022-11-18 04:53:45+02:00,False
2022-11-18 04:58:53+02:00,False
2022-11-18 05:03:51+02:00,False
2022-11-18 05:08:47+02:00,False
2022-11-18 05:13:55+02:00,False
2022-11-18 05:18:52+02:00,False
2022-11-18 05:23:48+02:00,False
2022-11-18 05:28:45+02:00,False
2022-11-18 05:33:53+02:00,False
2022-11-18 05:38:49+02:00,False
2022-11-18 05:43:46+02:00,False
2022-11-18 05:48:54+02:00,False
2022-11-18 05:53:51+02:00,False
2022-11-18 05:58:47+02:00,False
2022-11-18 06:03:48+02:00,False
2022-11-18 06:08:45+02:00,False
2022-11-18 06:13:54+02:00,False
2022-11-18 06:18:51+02:00,False
2022-11-18 06:23:48+02:00,False
2022-11-18 06:28:56+02:00,False
2022-11-18 06:33:53+02:00,False
2022-11-18 06:38:50+02:00,False
2022-11-18 06:43:47+02:00,False
2022-11-18 06:48:56+02:00,False
2022-11-18 06:53:53+02:00,False
2022-11-18 06:58:50+02:00,False
2022-11-18 07:03:47+02:00,False
2022-11-18 07:08:45+02:00,False
2022-11-18 07:13:54+02:00,False
2022-11-18 07:18:51+02:00,False
2022-11-18 07:23:49+02:00,False
2022-11-18 07:28:46+02:00,False
2022-11-18 07:33:54+02:00,False
2022-11-18 07:38:52+02:00,False
2022-11-18 07:43:49+02:00,False
2022-11-18 07:48:46+02:00,False
2022-11-18 07:53:54+02:00,False
2022-11-18 07:58:52+02:00,False
2022-11-18 08:03:49+02:00,False
2022-11-18 08:08:46+02:00,False
2022-11-18 08:13:55+02:00,False
2022-11-18 08:18:52+02:00,False
2022-11-18 08:23:49+02:00,False
2022-11-18 08:28:46+02:00,False
2022-11-18 08:33:55+02:00,False
2022-11-18 08:38:52+02:00,False
2022-11-18 08:43:50+02:00,False
2022-11-18 08:48:47+02:00,False
2022-11-18 08:53:55+02:00,False
2022-11-18 08:58:53+02:00,False
2022-11-18 09:03:50+02:00,False
2022-11-18 09:08:48+02:00,False
2022-11-18 09:13:45+02:00,False
2022-11-18 09:18:53+02:00,False
2022-11-18 09:23:50+02:00,False
2022-11-18 09:28:48+02:00,False
2022-11-18 09:33:46+02:00,False
2022-11-18 09:38:55+02:00,False
2022-11-18 09:43:52+02:00,False
2022-11-18 09:48:49+02:00,False
2022-11-18 09:53:46+02:00,False
2022-11-18 09:58:55+02:00,False
2022-11-18 10:02:24+02:00,False
2022-11-18 10:03:51+02:00,False
2022-11-18 10:04:03+02:00,False
2022-11-18 10:08:51+02:00,False
2022-11-18 10:13:48+02:00,False
2022-11-18 10:18:45+02:00,False
2022-11-18 10:23:54+02:00,False
2022-11-18 10:28:51+02:00,False
2022-11-18 10:33:48+02:00,False
2022-11-18 10:38:46+02:00,False
2022-11-18 10:43:54+02:00,False
2022-11-18 10:48:52+02:00,False
2022-11-18 10:53:49+02:00,False
2022-11-18 10:58:46+02:00,False
2022-11-18 11:03:55+02:00,False
2022-11-18 11:08:52+02:00,False
2022-11-18 11:13:49+02:00,False
2022-11-18 11:18:46+02:00,False
2022-11-18 11:23:55+02:00,False
2022-11-18 11:28:52+02:00,False
2022-11-18 11:33:49+02:00,False
2022-11-18 11:38:46+02:00,False
2022-11-18 11:43:55+02:00,False
2022-11-18 11:48:52+02:00,False
2022-11-18 11:53:51+02:00,False
2022-11-18 11:58:48+02:00,False
2022-11-18 12:03:46+02:00,False
2022-11-18 12:08:55+02:00,False
2022-11-18 12:13:52+02:00,False
2022-11-18 12:18:50+02:00,False
2022-11-18 12:23:47+02:00,False
2022-11-18 12:28:47+02:00,False
2022-11-18 12:33:56+02:00,False
2022-11-18 12:38:53+02:00,False
2022-11-18 12:43:50+02:00,False
2022-11-18 12:48:47+02:00,False
2022-11-18 12:53:45+02:00,False
2022-11-18 12:58:53+02:00,False
2022-11-18 13:03:50+02:00,False
2022-11-18 13:08:48+02:00,False
2022-11-18 13:13:45+02:00,False
2022-11-18 13:18:54+02:00,False
2022-11-18 13:23:51+02:00,False
2022-11-18 13:28:48+02:00,False
2022-11-18 13:33:45+02:00,False
2022-11-18 13:38:54+02:00,False
2022-11-18 13:43:51+02:00,False
2022-11-18 13:48:48+02:00,False
2022-11-18 13:53:45+02:00,False
2022-11-18 13:58:54+02:00,False
2022-11-18 14:03:51+02:00,False
2022-11-18 14:08:48+02:00,False
2022-11-18 14:13:45+02:00,False
2022-11-18 14:18:53+02:00,False
2022-11-18 14:23:50+02:00,False
2022-11-18 14:28:47+02:00,False
2022-11-18 14:33:56+02:00,False
2022-11-18 14:38:53+02:00,False
2022-11-18 14:43:50+02:00,False
2022-11-18 14:48:47+02:00,False
2022-11-18 14:53:45+02:00,False
2022-11-18 14:58:54+02:00,False
2022-11-18 15:03:51+02:00,False
2022-11-18 15:08:49+02:00,False
2022-11-18 15:13:46+02:00,False
2022-11-18 15:18:55+02:00,False
2022-11-18 15:23:52+02:00,False
2022-11-18 15:28:50+02:00,False
2022-11-18 15:33:48+02:00,False
2022-11-18 15:38:45+02:00,False
2022-11-18 15:43:55+02:00,False
2022-11-18 15:48:52+02:00,False
2022-11-18 15:53:49+02:00,False
2022-11-18 15:58:46+02:00,False
2022-11-18 16:03:55+02:00,False
2022-11-18 16:08:52+02:00,False
2022-11-18 16:13:49+02:00,False
2022-11-18 16:18:46+02:00,False
2022-11-18 16:23:55+02:00,False
2022-11-18 16:28:54+02:00,False
2022-11-18 16:33:51+02:00,False
2022-11-18 16:38:48+02:00,False
2022-11-18 16:43:46+02:00,False
2022-11-18 16:48:55+02:00,False
2022-11-18 16:53:53+02:00,False
2022-11-18 16:58:51+02:00,False
2022-11-18 17:03:48+02:00,False
2022-11-18 17:08:46+02:00,False
2022-11-18 17:13:54+02:00,False
2022-11-18 17:18:51+02:00,False
2022-11-18 17:23:48+02:00,False
2022-11-18 17:28:45+02:00,False
2022-11-18 17:33:53+02:00,False
2022-11-18 17:38:50+02:00,False
2022-11-18 17:43:47+02:00,False
2022-11-18 17:48:56+02:00,False
2022-11-18 17:53:53+02:00,False
2022-11-18 17:58:49+02:00,False
2022-11-18 18:03:46+02:00,False
2022-11-18 18:08:55+02:00,False
2022-11-18 18:13:53+02:00,False
2022-11-18 18:18:50+02:00,False
2022-11-18 18:23:47+02:00,False
2022-11-18 18:27:35+02:00,False
2022-11-18 18:28:46+02:00,False
2022-11-18 18:33:55+02:00,False
2022-11-18 18:38:52+02:00,True
2022-11-18 18:43:49+02:00,True
2022-11-18 18:48:47+02:00,False
2022-11-18 18:53:55+02:00,False
2022-11-18 18:58:52+02:00,False
2022-11-18 19:03:49+02:00,True
2022-11-18 19:08:46+02:00,True
2022-11-18 19:13:55+02:00,True
2022-11-18 19:18:52+02:00,False
2022-11-18 19:23:50+02:00,False
2022-11-18 19:28:47+02:00,False
2022-11-18 19:31:34+02:00,False
2022-11-18 19:33:49+02:00,False
2022-11-18 19:38:46+02:00,False
2022-11-18 19:43:56+02:00,False
2022-11-18 19:48:55+02:00,False
2022-11-18 19:53:52+02:00,False
2022-11-18 19:58:52+02:00,False
2022-11-18 20:03:50+02:00,False
2022-11-18 20:08:47+02:00,False
2022-11-18 20:13:45+02:00,False
2022-11-18 20:18:54+02:00,False
2022-11-18 20:23:51+02:00,False
2022-11-18 20:28:48+02:00,False
2022-11-18 20:33:46+02:00,False
2022-11-18 20:38:54+02:00,False
2022-11-18 20:43:51+02:00,False
2022-11-18 20:48:49+02:00,False
2022-11-18 20:53:46+02:00,False
2022-11-18 20:58:55+02:00,False
2022-11-18 21:03:52+02:00,False
2022-11-18 21:08:49+02:00,False
2022-11-18 21:13:46+02:00,False
2022-11-18 21:18:55+02:00,False
2022-11-18 21:23:52+02:00,False
2022-11-18 21:28:49+02:00,False
2022-11-18 21:33:46+02:00,False
2022-11-18 21:38:55+02:00,False
2022-11-18 21:43:52+02:00,False
2022-11-18 21:48:49+02:00,False
2022-11-18 21:53:47+02:00,False
2022-11-18 21:58:56+02:00,False
2022-11-18 22:03:53+02:00,False
2022-11-18 22:08:50+02:00,False
2022-11-18 22:13:47+02:00,False
2022-11-18 22:18:56+02:00,False
2022-11-18 22:23:53+02:00,False
2022-11-18 22:28:50+02:00,False
2022-11-18 22:33:47+02:00,False
2022-11-18 22:38:56+02:00,False
2022-11-18 22:43:54+02:00,False
2022-11-18 22:48:51+02:00,True
2022-11-18 22:53:48+02:00,True
2022-11-18 22:58:45+02:00,False
2022-11-18 23:03:53+02:00,False
2022-11-18 23:08:51+02:00,True
2022-11-18 23:13:49+02:00,False
2022-11-18 23:18:46+02:00,False
2022-11-18 23:23:55+02:00,False
2022-11-18 23:28:52+02:00,False
2022-11-18 23:33:49+02:00,False
2022-11-18 23:38:46+02:00,False
2022-11-18 23:43:55+02:00,False
2022-11-18 23:48:52+02:00,False
2022-11-18 23:53:49+02:00,False
2022-11-18 23:58:46+02:00,False
2022-11-19 00:03:54+02:00,False
2022-11-19 00:08:51+02:00,False
2022-11-19 00:13:48+02:00,False
2022-11-19 00:18:45+02:00,False
2022-11-19 00:23:54+02:00,False
2022-11-19 00:28:51+02:00,False
2022-11-19 00:33:49+02:00,False
2022-11-19 00:38:46+02:00,False
2022-11-19 00:43:55+02:00,False
2022-11-19 00:48:52+02:00,False
2022-11-19 00:53:49+02:00,False
2022-11-19 00:58:47+02:00,False
2022-11-19 01:03:55+02:00,False
2022-11-19 01:08:52+02:00,False
2022-11-19 01:13:50+02:00,False
2022-11-19 01:18:47+02:00,False
2022-11-19 01:23:56+02:00,False
2022-11-19 01:28:53+02:00,False
2022-11-19 01:33:50+02:00,False
2022-11-19 01:38:47+02:00,False
2022-11-19 01:43:56+02:00,False
2022-11-19 01:48:53+02:00,False
2022-11-19 01:53:50+02:00,False
2022-11-19 01:58:47+02:00,False
2022-11-19 02:03:56+02:00,False
2022-11-19 02:08:54+02:00,False
2022-11-19 02:13:51+02:00,False
2022-11-19 02:18:48+02:00,False
2022-11-19 02:23:45+02:00,False
2022-11-19 02:28:54+02:00,False
2022-11-19 02:33:51+02:00,False
2022-11-19 02:38:48+02:00,False
2022-11-19 02:43:45+02:00,False
2022-11-19 02:48:54+02:00,False
2022-11-19 02:53:51+02:00,False
2022-11-19 02:58:48+02:00,False
2022-11-19 03:03:45+02:00,False
2022-11-19 03:08:54+02:00,False
2022-11-19 03:13:51+02:00,False
2022-11-19 03:18:48+02:00,False
2022-11-19 03:23:45+02:00,False
2022-11-19 03:28:54+02:00,False
2022-11-19 03:33:51+02:00,False
2022-11-19 03:38:48+02:00,False
2022-11-19 03:43:45+02:00,False
2022-11-19 03:48:54+02:00,False
2022-11-19 03:53:51+02:00,False
2022-11-19 03:58:48+02:00,False
2022-11-19 04:03:45+02:00,False
2022-11-19 04:08:54+02:00,False
2022-11-19 04:13:51+02:00,False
2022-11-19 04:18:48+02:00,False
2022-11-19 04:23:45+02:00,False
2022-11-19 04:28:54+02:00,False
2022-11-19 04:33:51+02:00,False
2022-11-19 04:38:48+02:00,False
2022-11-19 04:43:45+02:00,False
2022-11-19 04:48:54+02:00,False
2022-11-19 04:53:51+02:00,False
2022-11-19 04:58:48+02:00,False
2022-11-19 05:03:45+02:00,False
2022-11-19 05:08:54+02:00,False
2022-11-19 05:13:50+02:00,False
2022-11-19 05:18:47+02:00,False
2022-11-19 05:23:56+02:00,False
2022-11-19 05:28:53+02:00,False
2022-11-19 05:33:50+02:00,False
2022-11-19 05:38:47+02:00,False
2022-11-19 05:43:45+02:00,False
2022-11-19 05:48:53+02:00,False
2022-11-19 05:53:50+02:00,False
2022-11-19 05:58:48+02:00,False
2022-11-19 06:03:45+02:00,False
2022-11-19 06:08:53+02:00,False
2022-11-19 06:13:50+02:00,False
2022-11-19 06:18:48+02:00,False
2022-11-19 06:23:45+02:00,False
2022-11-19 06:28:54+02:00,False
2022-11-19 06:33:51+02:00,False
2022-11-19 06:38:48+02:00,False
2022-11-19 06:43:45+02:00,False
2022-11-19 06:48:53+02:00,False
2022-11-19 06:53:51+02:00,False
2022-11-19 06:58:48+02:00,False
2022-11-19 07:03:45+02:00,False
2022-11-19 07:08:54+02:00,False
2022-11-19 07:13:51+02:00,False
2022-11-19 07:18:48+02:00,False
2022-11-19 07:23:45+02:00,False
2022-11-19 07:28:54+02:00,False
2022-11-19 07:33:51+02:00,False
2022-11-19 07:38:48+02:00,False
2022-11-19 07:43:45+02:00,False
2022-11-19 07:48:54+02:00,False
2022-11-19 07:53:51+02:00,False
2022-11-19 07:58:48+02:00,False
2022-11-19 08:03:45+02:00,False
2022-11-19 08:08:54+02:00,False
2022-11-19 08:13:51+02:00,False
2022-11-19 08:18:48+02:00,False
2022-11-19 08:23:45+02:00,False
2022-11-19 08:28:54+02:00,False
2022-11-19 08:33:51+02:00,False
2022-11-19 08:38:48+02:00,False
2022-11-19 08:43:45+02:00,False
2022-11-19 08:48:54+02:00,False
2022-11-19 08:53:51+02:00,False
2022-11-19 08:58:48+02:00,False
2022-11-19 09:03:45+02:00,False
2022-11-19 09:08:54+02:00,False
2022-11-19 09:13:52+02:00,False
2022-11-19 09:18:48+02:00,False
2022-11-19 09:23:46+02:00,False
2022-11-19 09:28:54+02:00,False
2022-11-19 09:33:51+02:00,False
2022-11-19 09:38:49+02:00,False
2022-11-19 09:43:46+02:00,False
2022-11-19 09:48:54+02:00,False
2022-11-19 09:53:54+02:00,False
2022-11-19 09:58:52+02:00,False
2022-11-19 10:02:54+02:00,False
2022-11-19 10:03:51+02:00,False
2022-11-19 10:08:48+02:00,False
2022-11-19 10:13:45+02:00,False
2022-11-19 10:18:54+02:00,False
2022-11-19 10:23:51+02:00,False
2022-11-19 10:28:48+02:00,False
2022-11-19 10:33:45+02:00,False
2022-11-19 10:38:54+02:00,False
2022-11-19 10:43:51+02:00,False
2022-11-19 10:48:48+02:00,False
2022-11-19 10:53:45+02:00,False
2022-11-19 10:58:54+02:00,False
2022-11-19 11:03:51+02:00,False
2022-11-19 11:08:48+02:00,False
2022-11-19 11:13:45+02:00,False
2022-11-19 11:18:54+02:00,False
2022-11-19 11:23:51+02:00,False
2022-11-19 11:28:48+02:00,False
2022-11-19 11:33:45+02:00,False
2022-11-19 11:38:56+02:00,False
2022-11-19 11:43:53+02:00,False
2022-11-19 11:48:50+02:00,False
2022-11-19 11:53:47+02:00,False
2022-11-19 11:58:56+02:00,False
2022-11-19 12:03:53+02:00,False
2022-11-19 12:08:49+02:00,False
2022-11-19 12:13:46+02:00,False
2022-11-19 12:18:55+02:00,False
2022-11-19 12:23:51+02:00,False
2022-11-19 12:28:47+02:00,False
2022-11-19 12:33:56+02:00,False
2022-11-19 12:38:52+02:00,False
2022-11-19 12:43:48+02:00,False
2022-11-19 12:48:45+02:00,False
2022-11-19 12:53:53+02:00,False
2022-11-19 12:58:52+02:00,False
2022-11-19 13:03:49+02:00,False
2022-11-19 13:08:45+02:00,False
2022-11-19 13:13:53+02:00,False
2022-11-19 13:18:50+02:00,False
2022-11-19 13:23:46+02:00,False
2022-11-19 13:28:55+02:00,False
2022-11-19 13:33:51+02:00,False
2022-11-19 13:38:48+02:00,False
2022-11-19 13:43:56+02:00,False
2022-11-19 13:48:52+02:00,False
2022-11-19 13:53:49+02:00,False
2022-11-19 13:58:45+02:00,False
2022-11-19 14:03:46+02:00,False
2022-11-19 14:08:55+02:00,False
2022-11-19 14:13:52+02:00,False
2022-11-19 14:18:49+02:00,False
2022-11-19 14:23:46+02:00,False
2022-11-19 14:28:56+02:00,False
2022-11-19 14:33:53+02:00,False
2022-11-19 14:38:50+02:00,False
2022-11-19 14:43:47+02:00,False
2022-11-19 14:46:56+02:00,False
2022-11-19 14:48:46+02:00,False
2022-11-19 14:53:55+02:00,False
2022-11-19 14:58:53+02:00,False
2022-11-19 15:03:50+02:00,False
2022-11-19 15:08:47+02:00,False
2022-11-19 15:13:56+02:00,False
2022-11-19 15:18:53+02:00,False
2022-11-19 15:23:50+02:00,False
2022-11-19 15:28:47+02:00,False
2022-11-19 15:33:56+02:00,False
2022-11-19 15:38:53+02:00,False
2022-11-19 15:43:50+02:00,False
2022-11-19 15:48:48+02:00,False
2022-11-19 15:53:46+02:00,False
2022-11-19 15:58:54+02:00,False
2022-11-19 16:03:51+02:00,False
2022-11-19 16:08:48+02:00,False
2022-11-19 16:13:45+02:00,False
2022-11-19 16:18:54+02:00,False
2022-11-19 16:23:53+02:00,False
2022-11-19 16:28:50+02:00,False
2022-11-19 16:33:47+02:00,False
2022-11-19 16:38:56+02:00,False
2022-11-19 16:43:53+02:00,False
2022-11-19 16:48:50+02:00,False
2022-11-19 16:53:47+02:00,False
2022-11-19 16:58:56+02:00,False
2022-11-19 17:03:54+02:00,False
2022-11-19 17:08:51+02:00,False
2022-11-19 17:13:48+02:00,False
2022-11-19 17:18:46+02:00,False
2022-11-19 17:23:56+02:00,False
2022-11-19 17:28:53+02:00,False
2022-11-19 17:33:50+02:00,False
2022-11-19 17:38:47+02:00,False
2022-11-19 17:43:56+02:00,False
2022-11-19 17:48:54+02:00,False
2022-11-19 17:53:52+02:00,False
2022-11-19 17:58:49+02:00,False
2022-11-19 18:03:46+02:00,False
2022-11-19 18:08:55+02:00,False
2022-11-19 18:13:52+02:00,False
2022-11-19 18:18:50+02:00,False
2022-11-19 18:23:47+02:00,False
2022-11-19 18:28:55+02:00,False
2022-11-19 18:33:53+02:00,False
2022-11-19 18:38:50+02:00,False
2022-11-19 18:43:47+02:00,False
2022-11-19 18:48:56+02:00,False
2022-11-19 18:53:53+02:00,False
2022-11-19 18:58:51+02:00,False
2022-11-19 19:03:48+02:00,False
2022-11-19 19:08:45+02:00,False
2022-11-19 19:13:54+02:00,False
2022-11-19 19:18:51+02:00,False
2022-11-19 19:23:48+02:00,False
2022-11-19 19:28:45+02:00,False
2022-11-19 19:33:55+02:00,False
2022-11-19 19:38:52+02:00,False
2022-11-19 19:43:49+02:00,False
2022-11-19 19:48:46+02:00,False
2022-11-19 19:53:55+02:00,False
2022-11-19 19:58:52+02:00,False
2022-11-19 20:03:49+02:00,False
2022-11-19 20:08:46+02:00,False
2022-11-19 20:13:55+02:00,False
2022-11-19 20:18:52+02:00,False
2022-11-19 20:23:49+02:00,False
2022-11-19 20:28:46+02:00,False
2022-11-19 20:33:51+02:00,False
2022-11-19 20:38:48+02:00,False
2022-11-19 20:43:45+02:00,False
2022-11-19 20:48:54+02:00,False
2022-11-19 20:53:51+02:00,False
2022-11-19 20:58:48+02:00,False
2022-11-19 21:03:45+02:00,False
2022-11-19 21:08:55+02:00,False
2022-11-19 21:13:52+02:00,False
2022-11-19 21:18:49+02:00,False
2022-11-19 21:23:46+02:00,False
2022-11-19 21:28:55+02:00,False
2022-11-19 21:33:52+02:00,False
2022-11-19 21:38:49+02:00,False
2022-11-19 21:43:45+02:00,False
2022-11-19 21:48:53+02:00,False
2022-11-19 21:53:50+02:00,False
2022-11-19 21:58:47+02:00,False
2022-11-19 22:03:55+02:00,False
2022-11-19 22:08:52+02:00,False
2022-11-19 22:13:48+02:00,False
2022-11-19 22:18:45+02:00,False
2022-11-19 22:23:53+02:00,False
2022-11-19 22:28:50+02:00,False
2022-11-19 22:33:46+02:00,False
2022-11-19 22:38:54+02:00,False
2022-11-19 22:43:51+02:00,False
2022-11-19 22:48:47+02:00,False
2022-11-19 22:51:40+02:00,False
2022-11-19 22:52:56+02:00,True
2022-11-19 22:53:46+02:00,True
2022-11-19 22:58:54+02:00,True
2022-11-19 23:03:51+02:00,True
2022-11-19 23:08:47+02:00,True
2022-11-19 23:13:56+02:00,False
2022-11-19 23:18:52+02:00,False
2022-11-19 23:23:49+02:00,False
2022-11-19 23:28:45+02:00,True
2022-11-19 23:33:53+02:00,True
2022-11-19 23:38:50+02:00,False
2022-11-19 23:43:46+02:00,False
2022-11-19 23:48:54+02:00,False
2022-11-19 23:53:51+02:00,False
2022-11-19 23:58:47+02:00,False
2022-11-20 00:03:56+02:00,False
2022-11-20 00:08:52+02:00,False
2022-11-20 00:13:49+02:00,False
2022-11-20 00:18:45+02:00,False
2022-11-20 00:23:54+02:00,False
2022-11-20 00:28:50+02:00,False
2022-11-20 00:33:47+02:00,False
2022-11-20 00:38:55+02:00,False
2022-11-20 00:43:51+02:00,False
2022-11-20 00:48:48+02:00,False
2022-11-20 00:53:45+02:00,False
2022-11-20 00:58:53+02:00,False
2022-11-20 01:03:49+02:00,False
2022-11-20 01:08:46+02:00,False
2022-11-20 01:13:54+02:00,False
2022-11-20 01:18:55+02:00,False
2022-11-20 01:23:51+02:00,False
2022-11-20 01:28:48+02:00,False
2022-11-20 01:33:56+02:00,False
2022-11-20 01:38:53+02:00,False
2022-11-20 01:43:49+02:00,False
2022-11-20 01:48:46+02:00,False
2022-11-20 01:53:54+02:00,False
2022-11-20 01:58:50+02:00,False
2022-11-20 02:03:47+02:00,False
2022-11-20 02:08:55+02:00,False
2022-11-20 02:13:51+02:00,False
2022-11-20 02:18:48+02:00,False
2022-11-20 02:23:56+02:00,False
2022-11-20 02:28:52+02:00,False
2022-11-20 02:33:49+02:00,False
2022-11-20 02:38:45+02:00,False
2022-11-20 02:43:53+02:00,False
2022-11-20 02:48:50+02:00,False
2022-11-20 02:53:46+02:00,False
2022-11-20 02:58:54+02:00,False
2022-11-20 03:03:51+02:00,False
2022-11-20 03:08:47+02:00,False
2022-11-20 03:13:55+02:00,False
2022-11-20 03:18:52+02:00,False
2022-11-20 03:23:48+02:00,False
2022-11-20 03:28:56+02:00,False
2022-11-20 03:33:53+02:00,False
2022-11-20 03:38:49+02:00,False
2022-11-20 03:43:45+02:00,False
2022-11-20 03:48:54+02:00,False
2022-11-20 03:53:50+02:00,False
2022-11-20 03:58:46+02:00,False
2022-11-20 04:03:55+02:00,False
2022-11-20 04:08:51+02:00,False
2022-11-20 04:13:47+02:00,False
2022-11-20 04:18:56+02:00,False
2022-11-20 04:23:52+02:00,False
2022-11-20 04:28:48+02:00,False
2022-11-20 04:33:45+02:00,False
2022-11-20 04:38:53+02:00,False
2022-11-20 04:43:49+02:00,False
2022-11-20 04:48:50+02:00,False
2022-11-20 04:53:46+02:00,False
2022-11-20 04:58:54+02:00,False
2022-11-20 05:03:51+02:00,False
2022-11-20 05:08:47+02:00,False
2022-11-20 05:13:55+02:00,False
2022-11-20 05:18:52+02:00,False
2022-11-20 05:23:48+02:00,False
2022-11-20 05:28:45+02:00,False
2022-11-20 05:33:53+02:00,False
2022-11-20 05:38:49+02:00,False
2022-11-20 05:43:46+02:00,False
2022-11-20 05:48:54+02:00,False
2022-11-20 05:53:51+02:00,False
2022-11-20 05:58:47+02:00,False
2022-11-20 06:03:56+02:00,False
2022-11-20 06:08:53+02:00,False
2022-11-20 06:13:49+02:00,False
2022-11-20 06:18:46+02:00,False
2022-11-20 06:23:54+02:00,False
2022-11-20 06:28:50+02:00,False
2022-11-20 06:33:47+02:00,False
2022-11-20 06:38:55+02:00,False
2022-11-20 06:43:51+02:00,False
2022-11-20 06:48:47+02:00,False
2022-11-20 06:53:55+02:00,False
2022-11-20 06:58:52+02:00,False
2022-11-20 07:03:48+02:00,False
2022-11-20 07:08:45+02:00,False
2022-11-20 07:13:53+02:00,False
2022-11-20 07:18:49+02:00,False
2022-11-20 07:23:46+02:00,False
2022-11-20 07:28:54+02:00,False
2022-11-20 07:33:50+02:00,False
2022-11-20 07:38:47+02:00,False
2022-11-20 07:43:55+02:00,False
2022-11-20 07:48:51+02:00,False
2022-11-20 07:53:48+02:00,False
2022-11-20 07:58:56+02:00,False
2022-11-20 08:03:52+02:00,False
2022-11-20 08:08:48+02:00,False
2022-11-20 08:13:56+02:00,False
2022-11-20 08:18:53+02:00,False
2022-11-20 08:23:46+02:00,False
2022-11-20 08:28:54+02:00,False
2022-11-20 08:33:51+02:00,False
2022-11-20 08:38:48+02:00,False
2022-11-20 08:43:56+02:00,True
2022-11-20 08:48:52+02:00,False
2022-11-20 08:53:48+02:00,False
2022-11-20 08:58:45+02:00,False
2022-11-20 09:03:53+02:00,False
2022-11-20 09:08:50+02:00,False
2022-11-20 09:13:46+02:00,False
2022-11-20 09:18:48+02:00,False
2022-11-20 09:23:45+02:00,False
2022-11-20 09:28:54+02:00,False
2022-11-20 09:33:51+02:00,False
2022-11-20 09:38:48+02:00,False
2022-11-20 09:43:45+02:00,False
2022-11-20 09:48:54+02:00,False
2022-11-20 09:53:51+02:00,False
2022-11-20 09:58:48+02:00,False
2022-11-20 10:03:46+02:00,False
2022-11-20 10:08:55+02:00,False
2022-11-20 10:09:32+02:00,False
2022-11-20 10:13:56+02:00,False
2022-11-20 10:18:53+02:00,False
2022-11-20 10:23:50+02:00,False
2022-11-20 10:28:47+02:00,False
2022-11-20 10:32:42+02:00,False
2022-11-20 10:33:46+02:00,False
2022-11-20 10:38:55+02:00,False
2022-11-20 10:43:52+02:00,False
2022-11-20 10:48:50+02:00,False
2022-11-20 10:53:47+02:00,False
2022-11-20 10:58:56+02:00,False
2022-11-20 11:03:53+02:00,False
2022-11-20 11:08:50+02:00,False
2022-11-20 11:13:47+02:00,False
2022-11-20 11:18:56+02:00,False
2022-11-20 11:23:53+02:00,False
2022-11-20 11:28:50+02:00,False
2022-11-20 11:33:47+02:00,False
2022-11-20 11:38:45+02:00,False
2022-11-20 11:43:53+02:00,False
2022-11-20 11:48:50+02:00,False
2022-11-20 11:53:48+02:00,False
2022-11-20 11:58:47+02:00,False
2022-11-20 12:03:55+02:00,False
2022-11-20 12:08:53+02:00,False
2022-11-20 12:13:50+02:00,False
2022-11-20 12:18:48+02:00,False
2022-11-20 12:23:45+02:00,False
2022-11-20 12:28:54+02:00,False
2022-11-20 12:33:51+02:00,False
2022-11-20 12:38:48+02:00,False
2022-11-20 12:43:45+02:00,False
2022-11-20 12:48:54+02:00,False
2022-11-20 12:53:51+02:00,False
2022-11-20 12:58:49+02:00,False
2022-11-20 13:03:45+02:00,False
2022-11-20 13:08:54+02:00,False
2022-11-20 13:13:54+02:00,False
2022-11-20 13:18:51+02:00,False
2022-11-20 13:23:48+02:00,False
2022-11-20 13:28:46+02:00,False
2022-11-20 13:33:54+02:00,False
2022-11-20 13:38:52+02:00,False
2022-11-20 13:43:49+02:00,False
2022-11-20 13:48:46+02:00,False
2022-11-20 13:53:54+02:00,False
2022-11-20 13:58:51+02:00,False
2022-11-20 14:03:48+02:00,False
2022-11-20 14:08:45+02:00,False
2022-11-20 14:13:55+02:00,False
2022-11-20 14:18:52+02:00,False
2022-11-20 14:23:50+02:00,False
2022-11-20 14:28:47+02:00,False
2022-11-20 14:33:56+02:00,False
2022-11-20 14:38:53+02:00,False
2022-11-20 14:43:50+02:00,False
2022-11-20 14:49:30+02:00,False
2022-11-20 14:53:45+02:00,False
2022-11-20 14:58:49+02:00,False
2022-11-20 15:03:54+02:00,False
2022-11-20 15:08:47+02:00,False
2022-11-20 15:12:12+02:00,False
2022-11-20 15:13:46+02:00,False
2022-11-20 15:18:52+02:00,False
2022-11-20 15:23:45+02:00,False
2022-11-20 15:28:51+02:00,False
2022-11-20 15:33:45+02:00,False
2022-11-20 15:34:36+02:00,False
2022-11-20 15:38:54+02:00,False
2022-11-20 15:43:52+02:00,False
2022-11-20 15:48:49+02:00,False
2022-11-20 15:53:46+02:00,False
2022-11-20 15:58:55+02:00,False
2022-11-20 16:03:52+02:00,False
2022-11-20 16:08:49+02:00,False
2022-11-20 16:13:46+02:00,False
2022-11-20 16:18:55+02:00,False
2022-11-20 16:23:52+02:00,False
2022-11-20 16:28:49+02:00,False
2022-11-20 16:33:46+02:00,False
2022-11-20 16:38:55+02:00,False
2022-11-20 16:43:53+02:00,False
2022-11-20 16:48:51+02:00,False
2022-11-20 16:53:48+02:00,False
2022-11-20 16:58:45+02:00,False
2022-11-20 17:03:54+02:00,False
2022-11-20 17:08:51+02:00,False
2022-11-20 17:13:48+02:00,False
2022-11-20 17:18:45+02:00,False
2022-11-20 17:23:54+02:00,False
2022-11-20 17:28:51+02:00,False
2022-11-20 17:33:48+02:00,False
2022-11-20 17:38:45+02:00,False
2022-11-20 17:43:54+02:00,False
2022-11-20 17:48:51+02:00,True
2022-11-20 17:53:48+02:00,True
2022-11-20 17:58:45+02:00,True
2022-11-20 18:03:54+02:00,False
2022-11-20 18:08:51+02:00,False
2022-11-20 18:13:48+02:00,False
2022-11-20 18:18:45+02:00,False
2022-11-20 18:23:54+02:00,False
2022-11-20 18:28:51+02:00,False
2022-11-20 18:33:48+02:00,False
2022-11-20 18:38:45+02:00,False
2022-11-20 18:43:54+02:00,False
2022-11-20 18:48:51+02:00,False
2022-11-20 18:53:48+02:00,False
2022-11-20 18:58:45+02:00,False
2022-11-20 19:03:54+02:00,False
2022-11-20 19:08:51+02:00,False
2022-11-20 19:13:48+02:00,False
2022-11-20 19:18:45+02:00,False
2022-11-20 19:23:54+02:00,False
2022-11-20 19:28:51+02:00,False
2022-11-20 19:33:48+02:00,False
2022-11-20 19:38:46+02:00,False
2022-11-20 19:43:55+02:00,False
2022-11-20 19:48:52+02:00,False
2022-11-20 19:53:49+02:00,False
2022-11-20 19:58:46+02:00,False
2022-11-20 20:03:55+02:00,False
2022-11-20 20:08:52+02:00,False
2022-11-20 20:13:49+02:00,False
2022-11-20 20:18:47+02:00,False
2022-11-20 20:23:56+02:00,False
2022-11-20 20:28:53+02:00,False
2022-11-20 20:33:50+02:00,False
2022-11-20 20:38:47+02:00,False
2022-11-20 20:43:56+02:00,False
2022-11-20 20:48:53+02:00,False
2022-11-20 20:53:50+02:00,False
2022-11-20 20:58:48+02:00,False
2022-11-20 21:03:45+02:00,False
2022-11-20 21:08:54+02:00,False
2022-11-20 21:13:51+02:00,False
2022-11-20 21:18:48+02:00,False
2022-11-20 21:23:45+02:00,False
2022-11-20 21:28:54+02:00,False
2022-11-20 21:33:51+02:00,False
2022-11-20 21:38:48+02:00,False
2022-11-20 21:43:45+02:00,False
2022-11-20 21:48:54+02:00,False
2022-11-20 21:53:51+02:00,False
2022-11-20 21:54:05+02:00,False
2022-11-20 21:58:52+02:00,False
2022-11-20 22:03:49+02:00,False
2022-11-20 22:08:46+02:00,False
2022-11-20 22:13:55+02:00,False
2022-11-20 22:18:52+02:00,False
2022-11-20 22:23:49+02:00,False
2022-11-20 22:28:46+02:00,True
2022-11-20 22:33:54+02:00,False
2022-11-20 22:38:51+02:00,False
2022-11-20 22:43:49+02:00,False
2022-11-20 22:48:46+02:00,False
2022-11-20 22:53:55+02:00,False
2022-11-20 22:58:52+02:00,False
2022-11-20 23:03:49+02:00,False
2022-11-20 23:08:46+02:00,False
2022-11-20 23:13:55+02:00,False
2022-11-20 23:18:52+02:00,False
2022-11-20 23:23:49+02:00,False
2022-11-20 23:28:46+02:00,False
2022-11-20 23:33:55+02:00,False
2022-11-20 23:38:52+02:00,False
2022-11-20 23:43:49+02:00,False
2022-11-20 23:48:46+02:00,False
2022-11-20 23:53:55+02:00,False
2022-11-20 23:58:52+02:00,False
2022-11-21 00:03:49+02:00,False
2022-11-21 00:08:46+02:00,False
2022-11-21 00:13:55+02:00,False
2022-11-21 00:18:52+02:00,False
2022-11-21 00:23:49+02:00,False
2022-11-21 00:28:46+02:00,False
2022-11-21 00:33:55+02:00,False
2022-11-21 00:38:52+02:00,False
2022-11-21 00:43:49+02:00,False
2022-11-21 00:48:47+02:00,False
2022-11-21 00:53:56+02:00,False
2022-11-21 00:58:53+02:00,False
2022-11-21 01:03:49+02:00,False
2022-11-21 01:08:46+02:00,False
2022-11-21 01:13:55+02:00,False
2022-11-21 01:18:52+02:00,False
2022-11-21 01:23:49+02:00,False
2022-11-21 01:28:46+02:00,False
2022-11-21 01:33:55+02:00,False
2022-11-21 01:38:52+02:00,False
2022-11-21 01:43:49+02:00,False
2022-11-21 01:48:46+02:00,False
2022-11-21 01:53:55+02:00,False
2022-11-21 01:58:52+02:00,False
2022-11-21 02:03:49+02:00,False
2022-11-21 02:08:47+02:00,False
2022-11-21 02:13:55+02:00,False
2022-11-21 02:18:52+02:00,False
2022-11-21 02:23:49+02:00,False
2022-11-21 02:28:46+02:00,False
2022-11-21 02:33:55+02:00,False
2022-11-21 02:38:52+02:00,False
2022-11-21 02:43:50+02:00,False
2022-11-21 02:48:47+02:00,False
2022-11-21 02:53:55+02:00,False
2022-11-21 02:58:53+02:00,False
2022-11-21 03:03:50+02:00,False
2022-11-21 03:08:47+02:00,False
2022-11-21 03:13:56+02:00,False
2022-11-21 03:18:53+02:00,False
2022-11-21 03:23:50+02:00,False
2022-11-21 03:28:47+02:00,False
2022-11-21 03:33:55+02:00,False
2022-11-21 03:38:52+02:00,False
2022-11-21 03:43:50+02:00,False
2022-11-21 03:48:47+02:00,False
2022-11-21 03:53:56+02:00,False
2022-11-21 03:58:53+02:00,False
2022-11-21 04:03:50+02:00,False
2022-11-21 04:08:47+02:00,False
2022-11-21 04:13:56+02:00,False
2022-11-21 04:18:53+02:00,False
2022-11-21 04:23:50+02:00,False
2022-11-21 04:28:47+02:00,False
2022-11-21 04:33:56+02:00,False
2022-11-21 04:38:53+02:00,False
2022-11-21 04:43:50+02:00,False
2022-11-21 04:48:47+02:00,False
2022-11-21 04:53:56+02:00,False
2022-11-21 04:58:53+02:00,False
2022-11-21 05:03:50+02:00,False
2022-11-21 05:08:47+02:00,False
2022-11-21 05:13:45+02:00,False
2022-11-21 05:18:53+02:00,False
2022-11-21 05:23:51+02:00,False
2022-11-21 05:28:48+02:00,False
2022-11-21 05:33:45+02:00,False
2022-11-21 05:38:54+02:00,False
2022-11-21 05:43:51+02:00,False
2022-11-21 05:48:49+02:00,False
2022-11-21 05:53:46+02:00,False
2022-11-21 05:58:54+02:00,False
2022-11-21 06:03:51+02:00,False
2022-11-21 06:08:49+02:00,False
2022-11-21 06:13:46+02:00,False
2022-11-21 06:18:54+02:00,False
2022-11-21 06:23:51+02:00,False
2022-11-21 06:28:48+02:00,False
2022-11-21 06:33:45+02:00,False
2022-11-21 06:38:54+02:00,False
2022-11-21 06:43:51+02:00,False
2022-11-21 06:48:48+02:00,False
2022-11-21 06:53:45+02:00,False
2022-11-21 06:58:51+02:00,False
2022-11-21 07:03:49+02:00,False
2022-11-21 07:08:46+02:00,False
2022-11-21 07:13:54+02:00,False
2022-11-21 07:18:51+02:00,False
2022-11-21 07:23:48+02:00,False
2022-11-21 07:28:45+02:00,False
2022-11-21 07:33:54+02:00,False
2022-11-21 07:38:51+02:00,False
2022-11-21 07:43:48+02:00,False
2022-11-21 07:48:45+02:00,False
2022-11-21 07:53:54+02:00,False
2022-11-21 07:58:52+02:00,False
2022-11-21 08:03:49+02:00,False
2022-11-21 08:08:46+02:00,False
2022-11-21 08:13:54+02:00,False
2022-11-21 08:18:52+02:00,False
2022-11-21 08:23:49+02:00,False
2022-11-21 08:28:46+02:00,False
2022-11-21 08:31:42+02:00,False
2022-11-21 08:33:45+02:00,False
2022-11-21 08:38:54+02:00,False
2022-11-21 08:43:51+02:00,False
2022-11-21 08:48:48+02:00,False
2022-11-21 08:53:45+02:00,False
2022-11-21 08:58:53+02:00,False
2022-11-21 09:03:50+02:00,False
2022-11-21 09:08:48+02:00,False
2022-11-21 09:13:45+02:00,False
2022-11-21 09:18:54+02:00,False
2022-11-21 09:23:51+02:00,False
2022-11-21 09:28:48+02:00,False
2022-11-21 09:33:45+02:00,False
2022-11-21 09:38:54+02:00,False
2022-11-21 09:43:51+02:00,False
2022-11-21 09:48:48+02:00,False
2022-11-21 09:53:46+02:00,False
2022-11-21 09:58:55+02:00,False
2022-11-21 10:03:52+02:00,False
2022-11-21 10:08:48+02:00,False
2022-11-21 10:13:45+02:00,False
2022-11-21 10:18:53+02:00,False
2022-11-21 10:23:50+02:00,False
2022-11-21 10:28:46+02:00,False
2022-11-21 10:33:46+02:00,False
2022-11-21 10:38:54+02:00,False
2022-11-21 10:43:51+02:00,False
2022-11-21 10:48:47+02:00,False
2022-11-21 10:53:55+02:00,False
2022-11-21 10:58:52+02:00,False
2022-11-21 11:03:49+02:00,False
2022-11-21 11:08:45+02:00,False
2022-11-21 11:13:53+02:00,False
2022-11-21 11:18:50+02:00,False
2022-11-21 11:23:46+02:00,False
2022-11-21 11:28:54+02:00,False
2022-11-21 11:33:50+02:00,False
2022-11-21 11:38:47+02:00,False
2022-11-21 11:43:54+02:00,False
2022-11-21 11:48:51+02:00,False
2022-11-21 11:53:48+02:00,False
2022-11-21 11:58:56+02:00,False
2022-11-21 12:03:45+02:00,False
2022-11-21 12:08:54+02:00,False
2022-11-21 12:13:51+02:00,False
2022-11-21 12:18:48+02:00,False
2022-11-21 12:23:46+02:00,False
2022-11-21 12:28:54+02:00,False
2022-11-21 12:33:51+02:00,False
2022-11-21 12:38:49+02:00,False
2022-11-21 12:43:46+02:00,False
2022-11-21 12:48:56+02:00,False
2022-11-21 12:53:53+02:00,False
2022-11-21 12:58:50+02:00,False
2022-11-21 13:03:47+02:00,False
2022-11-21 13:08:55+02:00,False
2022-11-21 13:13:52+02:00,False
2022-11-21 13:18:50+02:00,False
2022-11-21 13:23:47+02:00,False
2022-11-21 13:28:55+02:00,False
2022-11-21 13:33:52+02:00,False
2022-11-21 13:38:49+02:00,False
2022-11-21 13:43:46+02:00,False
2022-11-21 13:48:55+02:00,False
2022-11-21 13:53:52+02:00,False
2022-11-21 13:58:49+02:00,False
2022-11-21 14:03:46+02:00,False
2022-11-21 14:08:55+02:00,False
2022-11-21 14:11:11+02:00,False
2022-11-21 14:11:35+02:00,False
2022-11-21 14:13:56+02:00,False
2022-11-21 14:18:52+02:00,False
2022-11-21 14:23:49+02:00,False
2022-11-21 14:28:46+02:00,False
2022-11-21 14:33:55+02:00,False
2022-11-21 14:38:52+02:00,False
2022-11-21 14:43:50+02:00,False
2022-11-21 14:48:47+02:00,False
2022-11-21 14:53:56+02:00,False
2022-11-21 14:58:53+02:00,False
2022-11-21 15:03:50+02:00,False
2022-11-21 15:08:47+02:00,False
2022-11-21 15:13:56+02:00,False
2022-11-21 15:18:53+02:00,False
2022-11-21 15:23:50+02:00,False
2022-11-21 15:28:49+02:00,False
2022-11-21 15:33:48+02:00,False
2022-11-21 15:38:45+02:00,False
2022-11-21 15:43:54+02:00,False
2022-11-21 15:48:51+02:00,False
2022-11-21 15:53:48+02:00,False
2022-11-21 15:58:45+02:00,False
2022-11-21 16:03:54+02:00,False
2022-11-21 16:08:51+02:00,False
2022-11-21 16:13:48+02:00,False
2022-11-21 16:18:46+02:00,False
2022-11-21 16:23:56+02:00,False
2022-11-21 16:28:53+02:00,False
2022-11-21 16:33:50+02:00,False
2022-11-21 16:38:47+02:00,False
2022-11-21 16:43:45+02:00,False
2022-11-21 16:48:54+02:00,False
2022-11-21 16:53:52+02:00,False
2022-11-21 16:58:51+02:00,False
2022-11-21 17:03:47+02:00,False
2022-11-21 17:08:56+02:00,False
2022-11-21 17:13:53+02:00,False
2022-11-21 17:18:50+02:00,True
2022-11-21 17:23:48+02:00,True
2022-11-21 17:28:46+02:00,True
2022-11-21 17:33:55+02:00,False
2022-11-21 17:38:52+02:00,False
2022-11-21 17:43:49+02:00,False
2022-11-21 17:48:46+02:00,False
2022-11-21 17:53:54+02:00,False
2022-11-21 17:58:51+02:00,False
2022-11-21 18:02:50+02:00,False
2022-11-21 18:03:54+02:00,False
2022-11-21 18:08:51+02:00,False
2022-11-21 18:13:49+02:00,False
2022-11-21 18:18:46+02:00,False
2022-11-21 18:23:54+02:00,False
2022-11-21 18:28:52+02:00,False
2022-11-21 18:33:49+02:00,False
2022-11-21 18:38:46+02:00,False
2022-11-21 18:43:55+02:00,False
2022-11-21 18:48:53+02:00,False
2022-11-21 18:53:50+02:00,False
2022-11-21 18:58:47+02:00,False
2022-11-21 19:03:56+02:00,False
2022-11-21 19:08:52+02:00,False
2022-11-21 19:13:50+02:00,False
2022-11-21 19:18:47+02:00,False
2022-11-21 19:23:56+02:00,False
2022-11-21 19:28:53+02:00,False
2022-11-21 19:33:50+02:00,False
2022-11-21 19:38:47+02:00,False
2022-11-21 19:43:45+02:00,False
2022-11-21 19:48:54+02:00,False
2022-11-21 19:53:51+02:00,False
2022-11-21 19:58:48+02:00,False
2022-11-21 20:03:46+02:00,False
2022-11-21 20:08:55+02:00,False
2022-11-21 20:13:52+02:00,False
2022-11-21 20:18:49+02:00,False
2022-11-21 20:23:46+02:00,False
2022-11-21 20:28:56+02:00,False
2022-11-21 20:33:53+02:00,False
2022-11-21 20:38:50+02:00,False
2022-11-21 20:43:47+02:00,False
2022-11-21 20:48:56+02:00,False
2022-11-21 20:53:53+02:00,False
2022-11-21 20:58:50+02:00,False
2022-11-21 21:03:47+02:00,True
2022-11-21 21:08:56+02:00,True
2022-11-21 21:13:53+02:00,False
2022-11-21 21:18:50+02:00,False
2022-11-21 21:23:47+02:00,False
2022-11-21 21:28:55+02:00,False
2022-11-21 21:33:53+02:00,False
2022-11-21 21:38:50+02:00,False
2022-11-21 21:43:47+02:00,False
2022-11-21 21:48:55+02:00,False
2022-11-21 21:53:52+02:00,False
2022-11-21 21:58:49+02:00,False
2022-11-21 22:03:46+02:00,False
2022-11-21 22:08:55+02:00,False
2022-11-21 22:13:52+02:00,False
2022-11-21 22:18:49+02:00,False
2022-11-21 22:23:46+02:00,False
2022-11-21 22:28:55+02:00,False
2022-11-21 22:33:52+02:00,False
2022-11-21 22:38:49+02:00,False
2022-11-21 22:43:46+02:00,False
2022-11-21 22:48:55+02:00,False
2022-11-21 22:53:52+02:00,False
2022-11-21 22:58:49+02:00,False
2022-11-21 23:03:46+02:00,False
2022-11-21 23:07:58+02:00,False
2022-11-21 23:08:45+02:00,False
2022-11-21 23:13:54+02:00,False
2022-11-21 23:20:18+02:00,False
2022-11-21 23:27:01+02:00,True
2022-11-21 23:30:26+02:00,True
2022-11-21 23:33:45+02:00,True
2022-11-21 23:38:52+02:00,False
2022-11-21 23:43:45+02:00,False
2022-11-21 23:48:50+02:00,False
2022-11-21 23:53:49+02:00,False
2022-11-21 23:58:53+02:00,False
2022-11-22 00:03:46+02:00,False
2022-11-22 00:08:52+02:00,False
2022-11-22 00:13:45+02:00,False
2022-11-22 00:18:50+02:00,False
2022-11-22 00:23:55+02:00,False
2022-11-22 00:28:48+02:00,False
2022-11-22 00:33:53+02:00,False
2022-11-22 00:38:47+02:00,False
2022-11-22 00:43:52+02:00,False
2022-11-22 00:48:45+02:00,False
2022-11-22 00:53:46+02:00,False
2022-11-22 00:58:55+02:00,False
2022-11-22 01:03:52+02:00,False
2022-11-22 01:08:49+02:00,False
2022-11-22 01:13:46+02:00,False
2022-11-22 01:18:55+02:00,False
2022-11-22 01:23:52+02:00,False
2022-11-22 01:28:49+02:00,False
2022-11-22 01:33:46+02:00,False
2022-11-22 01:38:54+02:00,False
2022-11-22 01:43:51+02:00,False
2022-11-22 01:48:48+02:00,False
2022-11-22 01:53:46+02:00,False
2022-11-22 01:58:54+02:00,False
2022-11-22 02:03:51+02:00,False
2022-11-22 02:08:48+02:00,False
2022-11-22 02:13:56+02:00,False
2022-11-22 02:18:52+02:00,False
2022-11-22 02:23:49+02:00,False
2022-11-22 02:28:45+02:00,False
2022-11-22 02:33:53+02:00,False
2022-11-22 02:38:50+02:00,False
2022-11-22 02:43:46+02:00,False
2022-11-22 02:48:54+02:00,False
2022-11-22 02:53:51+02:00,False
2022-11-22 02:58:47+02:00,False
2022-11-22 03:03:55+02:00,False
2022-11-22 03:08:55+02:00,False
2022-11-22 03:13:52+02:00,False
2022-11-22 03:18:48+02:00,False
2022-11-22 03:23:56+02:00,False
2022-11-22 03:28:52+02:00,False
2022-11-22 03:33:49+02:00,False
2022-11-22 03:38:45+02:00,False
2022-11-22 03:43:53+02:00,False
2022-11-22 03:48:50+02:00,False
2022-11-22 03:53:46+02:00,False
2022-11-22 03:58:54+02:00,False
2022-11-22 04:03:55+02:00,False
2022-11-22 04:08:52+02:00,False
2022-11-22 04:13:49+02:00,False
2022-11-22 04:18:46+02:00,False
2022-11-22 04:23:55+02:00,False
2022-11-22 04:28:52+02:00,False
2022-11-22 04:33:49+02:00,False
2022-11-22 04:38:46+02:00,False
2022-11-22 04:43:55+02:00,False
2022-11-22 04:48:52+02:00,False
2022-11-22 04:53:49+02:00,False
2022-11-22 04:58:47+02:00,False
2022-11-22 05:03:56+02:00,False
2022-11-22 05:08:53+02:00,False
2022-11-22 05:13:50+02:00,False
2022-11-22 05:18:47+02:00,False
2022-11-22 05:23:56+02:00,False
2022-11-22 05:28:53+02:00,False
2022-11-22 05:33:51+02:00,False
2022-11-22 05:38:48+02:00,False
2022-11-22 05:43:45+02:00,False
2022-11-22 05:48:54+02:00,False
2022-11-22 05:53:51+02:00,False
2022-11-22 05:58:48+02:00,False
2022-11-22 06:03:45+02:00,False
2022-11-22 06:08:54+02:00,False
2022-11-22 06:13:51+02:00,False
2022-11-22 06:18:48+02:00,False
2022-11-22 06:23:45+02:00,False
2022-11-22 06:28:54+02:00,False
2022-11-22 06:33:51+02:00,False
2022-11-22 06:38:49+02:00,False
2022-11-22 06:43:46+02:00,False
2022-11-22 06:48:54+02:00,False
2022-11-22 06:53:51+02:00,False
2022-11-22 06:58:49+02:00,False
2022-11-22 07:03:46+02:00,False
2022-11-22 07:08:54+02:00,False
2022-11-22 07:13:52+02:00,False
2022-11-22 07:18:49+02:00,False
2022-11-22 07:23:52+02:00,False
2022-11-22 07:28:49+02:00,False
2022-11-22 07:33:47+02:00,False
2022-11-22 07:38:53+02:00,False
2022-11-22 07:43:46+02:00,False
2022-11-22 07:48:49+02:00,False
2022-11-22 07:53:52+02:00,False
2022-11-22 07:58:55+02:00,False
2022-11-22 08:03:51+02:00,False
2022-11-22 08:08:48+02:00,False
2022-11-22 08:13:53+02:00,False
2022-11-22 08:18:50+02:00,False
2022-11-22 08:23:47+02:00,False
2022-11-22 08:28:50+02:00,False
2022-11-22 08:33:53+02:00,False
2022-11-22 08:38:51+02:00,False
2022-11-22 08:43:54+02:00,False
2022-11-22 08:48:46+02:00,False
2022-11-22 08:53:49+02:00,False
2022-11-22 08:58:54+02:00,False
2022-11-22 09:03:46+02:00,False
2022-11-22 09:08:52+02:00,False
2022-11-22 09:13:52+02:00,False
2022-11-22 09:18:55+02:00,False
2022-11-22 09:23:52+02:00,False
2022-11-22 09:28:55+02:00,False
2022-11-22 09:33:47+02:00,False
2022-11-22 09:38:49+02:00,False
2022-11-22 09:43:46+02:00,False
2022-11-22 09:48:54+02:00,False
2022-11-22 09:53:48+02:00,False
2022-11-22 09:58:51+02:00,False
2022-11-22 10:03:48+02:00,False
2022-11-22 10:08:52+02:00,False
2022-11-22 10:13:54+02:00,False
2022-11-22 10:18:47+02:00,False
2022-11-22 10:23:56+02:00,False
2022-11-22 10:28:47+02:00,False
2022-11-22 10:33:50+02:00,False
2022-11-22 10:38:50+02:00,False
2022-11-22 10:43:54+02:00,False
2022-11-22 10:48:51+02:00,False
2022-11-22 10:53:53+02:00,False
2022-11-22 10:58:56+02:00,False
2022-11-22 11:03:47+02:00,False
2022-11-22 11:08:52+02:00,False
2022-11-22 11:13:55+02:00,False
2022-11-22 11:18:54+02:00,False
2022-11-22 11:23:45+02:00,False
2022-11-22 11:28:48+02:00,False
2022-11-22 11:33:46+02:00,False
2022-11-22 11:38:55+02:00,False
2022-11-22 11:43:52+02:00,False
2022-11-22 11:48:48+02:00,False
2022-11-22 11:53:52+02:00,False
2022-11-22 11:58:45+02:00,False
2022-11-22 12:03:48+02:00,False
2022-11-22 12:08:51+02:00,False
2022-11-22 12:13:54+02:00,False
2022-11-22 12:18:45+02:00,False
2022-11-22 12:23:52+02:00,False
2022-11-22 12:28:46+02:00,False
2022-11-22 12:33:45+02:00,False
2022-11-22 12:38:49+02:00,False
2022-11-22 12:43:53+02:00,False
2022-11-22 12:48:53+02:00,False
2022-11-22 12:53:56+02:00,False
2022-11-22 12:58:48+02:00,False
2022-11-22 13:03:46+02:00,False
2022-11-22 13:08:48+02:00,False
2022-11-22 13:13:46+02:00,False
2022-11-22 13:18:50+02:00,False
2022-11-22 13:23:53+02:00,False
2022-11-22 13:28:47+02:00,False
2022-11-22 13:33:52+02:00,False
2022-11-22 13:38:47+02:00,False
2022-11-22 13:43:50+02:00,False
2022-11-22 13:48:53+02:00,False
2022-11-22 13:53:50+02:00,False
2022-11-22 13:58:53+02:00,False
2022-11-22 14:03:51+02:00,False
2022-11-22 14:08:55+02:00,False
2022-11-22 14:13:47+02:00,False
2022-11-22 14:18:48+02:00,False
2022-11-22 14:23:52+02:00,False
2022-11-22 14:28:51+02:00,False
2022-11-22 14:33:47+02:00,False
2022-11-22 14:38:52+02:00,False
2022-11-22 14:43:56+02:00,False
2022-11-22 14:48:48+02:00,False
2022-11-22 14:53:51+02:00,False
2022-11-22 14:58:47+02:00,False
2022-11-22 15:03:51+02:00,False
2022-11-22 15:08:54+02:00,False
2022-11-22 15:13:46+02:00,False
2022-11-22 15:18:50+02:00,False
2022-11-22 15:23:50+02:00,False
2022-11-22 15:28:54+02:00,False
2022-11-22 15:33:52+02:00,False
2022-11-22 15:35:11+02:00,False
2022-11-22 15:36:22+02:00,False
2022-11-22 15:36:29+02:00,False
2022-11-22 15:38:45+02:00,False
2022-11-22 15:43:09+02:00,False
2022-11-22 15:43:56+02:00,False
2022-11-22 15:48:46+02:00,False
2022-11-22 15:53:46+02:00,False
2022-11-22 15:58:45+02:00,False
2022-11-22 16:03:54+02:00,False
2022-11-22 16:08:51+02:00,False
2022-11-22 16:13:48+02:00,False
2022-11-22 16:18:45+02:00,False
2022-11-22 16:23:54+02:00,False
2022-11-22 16:28:51+02:00,False
2022-11-22 16:33:48+02:00,False
2022-11-22 16:38:45+02:00,False
2022-11-22 16:43:54+02:00,False
2022-11-22 16:48:51+02:00,False
2022-11-22 16:53:48+02:00,False
2022-11-22 16:58:45+02:00,False
2022-11-22 17:03:53+02:00,False
2022-11-22 17:08:50+02:00,False
2022-11-22 17:13:48+02:00,False
2022-11-22 17:18:45+02:00,False
2022-11-22 17:23:54+02:00,False
2022-11-22 17:28:51+02:00,False
2022-11-22 17:33:48+02:00,False
2022-11-22 17:38:45+02:00,False
2022-11-22 17:43:54+02:00,False
2022-11-22 17:48:51+02:00,False
2022-11-22 17:53:48+02:00,False
2022-11-22 17:58:45+02:00,False
2022-11-22 18:03:53+02:00,False
2022-11-22 18:08:50+02:00,False
2022-11-22 18:13:47+02:00,False
2022-11-22 18:18:47+02:00,False
2022-11-22 18:23:55+02:00,False
2022-11-22 18:28:52+02:00,False
2022-11-22 18:33:48+02:00,False
2022-11-22 18:38:45+02:00,False
2022-11-22 18:43:53+02:00,False
2022-11-22 18:48:50+02:00,False
2022-11-22 18:53:47+02:00,False
2022-11-22 18:58:55+02:00,False
2022-11-22 19:03:51+02:00,False
2022-11-22 19:08:48+02:00,False
2022-11-22 19:13:45+02:00,False
2022-11-22 19:18:54+02:00,False
2022-11-22 19:23:53+02:00,False
2022-11-22 19:28:49+02:00,False
2022-11-22 19:33:46+02:00,False
2022-11-22 19:38:54+02:00,False
2022-11-22 19:43:51+02:00,False
2022-11-22 19:48:45+02:00,False
2022-11-22 19:53:53+02:00,False
2022-11-22 19:58:50+02:00,False
2022-11-22 20:03:46+02:00,False
2022-11-22 20:08:54+02:00,False
2022-11-22 20:13:55+02:00,False
2022-11-22 20:18:52+02:00,False
2022-11-22 20:23:49+02:00,False
2022-11-22 20:28:47+02:00,False
2022-11-22 20:33:55+02:00,False
2022-11-22 20:38:53+02:00,False
2022-11-22 20:43:50+02:00,False
2022-11-22 20:48:47+02:00,False
2022-11-22 20:53:55+02:00,False
2022-11-22 20:58:53+02:00,False
2022-11-22 21:03:50+02:00,False
2022-11-22 21:08:47+02:00,False
2022-11-22 21:13:56+02:00,False
2022-11-22 21:18:53+02:00,False
2022-11-22 21:23:50+02:00,False
2022-11-22 21:28:47+02:00,False
2022-11-22 21:33:55+02:00,False
2022-11-22 21:38:52+02:00,False
2022-11-22 21:43:49+02:00,False
2022-11-22 21:48:46+02:00,False
2022-11-22 21:53:55+02:00,False
2022-11-22 21:58:52+02:00,False
2022-11-22 22:03:49+02:00,False
2022-11-22 22:08:46+02:00,False
2022-11-22 22:13:55+02:00,False
2022-11-22 22:18:52+02:00,False
2022-11-22 22:23:49+02:00,False
2022-11-22 22:28:46+02:00,False
2022-11-22 22:33:55+02:00,False
2022-11-22 22:38:52+02:00,False
2022-11-22 22:43:49+02:00,False
2022-11-22 22:48:46+02:00,False
2022-11-22 22:53:55+02:00,False
2022-11-22 22:58:52+02:00,False
2022-11-22 23:03:49+02:00,False
2022-11-22 23:08:46+02:00,False
2022-11-22 23:11:29+02:00,True
2022-11-22 23:13:45+02:00,True
2022-11-22 23:18:47+02:00,True
2022-11-22 23:23:56+02:00,False
2022-11-22 23:28:53+02:00,False
2022-11-22 23:33:50+02:00,False
2022-11-22 23:38:47+02:00,False
2022-11-22 23:43:45+02:00,False
2022-11-22 23:48:53+02:00,False
2022-11-22 23:53:50+02:00,False
2022-11-22 23:58:48+02:00,False
2022-11-23 00:03:45+02:00,False
2022-11-23 00:08:54+02:00,False
2022-11-23 00:13:51+02:00,False
2022-11-23 00:18:48+02:00,False
2022-11-23 00:23:45+02:00,False
2022-11-23 00:28:54+02:00,False
2022-11-23 00:33:51+02:00,False
2022-11-23 00:38:49+02:00,False
2022-11-23 00:43:46+02:00,False
2022-11-23 00:48:54+02:00,False
2022-11-23 00:53:54+02:00,False
2022-11-23 00:58:51+02:00,False
2022-11-23 01:03:49+02:00,False
2022-11-23 01:08:47+02:00,False
2022-11-23 01:13:56+02:00,False
2022-11-23 01:18:53+02:00,False
2022-11-23 01:23:50+02:00,False
2022-11-23 01:28:47+02:00,False
2022-11-23 01:33:56+02:00,False
2022-11-23 01:38:53+02:00,False
2022-11-23 01:43:50+02:00,False
2022-11-23 01:48:47+02:00,False
2022-11-23 01:53:56+02:00,False
2022-11-23 01:58:53+02:00,False
2022-11-23 02:03:50+02:00,False
2022-11-23 02:08:46+02:00,False
2022-11-23 02:13:55+02:00,False
2022-11-23 02:18:51+02:00,False
2022-11-23 02:23:48+02:00,False
2022-11-23 02:28:56+02:00,False
2022-11-23 02:33:53+02:00,False
2022-11-23 02:38:49+02:00,False
2022-11-23 02:43:46+02:00,False
2022-11-23 02:48:54+02:00,False
2022-11-23 02:53:51+02:00,False
2022-11-23 02:58:47+02:00,False
2022-11-23 03:03:55+02:00,False
2022-11-23 03:08:52+02:00,False
2022-11-23 03:13:49+02:00,False
2022-11-23 03:18:45+02:00,False
2022-11-23 03:23:53+02:00,False
2022-11-23 03:28:50+02:00,False
2022-11-23 03:33:47+02:00,False
2022-11-23 03:38:55+02:00,False
2022-11-23 03:43:51+02:00,False
2022-11-23 03:48:48+02:00,False
2022-11-23 03:53:45+02:00,False
2022-11-23 03:58:53+02:00,False
2022-11-23 04:03:48+02:00,False
2022-11-23 04:08:49+02:00,False
2022-11-23 04:13:46+02:00,False
2022-11-23 04:18:55+02:00,False
2022-11-23 04:23:52+02:00,False
2022-11-23 04:28:49+02:00,False
2022-11-23 04:33:46+02:00,False
2022-11-23 04:38:55+02:00,False
2022-11-23 04:43:53+02:00,False
2022-11-23 04:48:50+02:00,False
2022-11-23 04:53:47+02:00,False
2022-11-23 04:58:56+02:00,False
2022-11-23 05:03:53+02:00,False
2022-11-23 05:08:50+02:00,False
2022-11-23 05:13:47+02:00,False
2022-11-23 05:18:56+02:00,False
2022-11-23 05:23:53+02:00,False
2022-11-23 05:28:50+02:00,False
2022-11-23 05:33:48+02:00,False
2022-11-23 05:38:45+02:00,False
2022-11-23 05:43:54+02:00,False
2022-11-23 05:48:51+02:00,False
2022-11-23 05:53:48+02:00,False
2022-11-23 05:58:45+02:00,False
2022-11-23 06:03:54+02:00,False
2022-11-23 06:08:51+02:00,False
2022-11-23 06:13:48+02:00,False
2022-11-23 06:18:45+02:00,False
2022-11-23 06:23:54+02:00,False
2022-11-23 06:28:51+02:00,False
2022-11-23 06:33:48+02:00,False
2022-11-23 06:38:45+02:00,False
2022-11-23 06:43:54+02:00,False
2022-11-23 06:48:51+02:00,False
2022-11-23 06:53:48+02:00,False
2022-11-23 06:58:45+02:00,False
2022-11-23 07:03:54+02:00,False
2022-11-23 07:08:51+02:00,False
2022-11-23 07:13:48+02:00,False
2022-11-23 07:18:45+02:00,False
2022-11-23 07:23:54+02:00,False
2022-11-23 07:28:51+02:00,False
2022-11-23 07:33:48+02:00,False
2022-11-23 07:38:46+02:00,False
2022-11-23 07:43:54+02:00,False
2022-11-23 07:48:54+02:00,False
2022-11-23 07:53:51+02:00,False
2022-11-23 07:58:48+02:00,False
2022-11-23 08:03:45+02:00,False
2022-11-23 08:08:54+02:00,False
2022-11-23 08:13:51+02:00,False
2022-11-23 08:18:48+02:00,False
2022-11-23 08:23:45+02:00,False
2022-11-23 08:28:54+02:00,False
2022-11-23 08:33:51+02:00,False
2022-11-23 08:38:48+02:00,False
2022-11-23 08:43:45+02:00,False
2022-11-23 08:48:54+02:00,False
2022-11-23 08:53:51+02:00,False
2022-11-23 08:58:48+02:00,False
2022-11-23 09:03:45+02:00,False
2022-11-23 09:08:54+02:00,False
2022-11-23 09:13:51+02:00,False
2022-11-23 09:18:48+02:00,False
2022-11-23 09:23:46+02:00,False
2022-11-23 09:28:55+02:00,False
2022-11-23 09:33:52+02:00,False
2022-11-23 09:38:49+02:00,False
2022-11-23 09:43:46+02:00,False
2022-11-23 09:48:55+02:00,False
2022-11-23 09:53:52+02:00,False
2022-11-23 09:58:50+02:00,False
2022-11-23 10:03:47+02:00,False
2022-11-23 10:08:56+02:00,False
2022-11-23 10:13:53+02:00,False
2022-11-23 10:18:50+02:00,False
2022-11-23 10:23:47+02:00,False
2022-11-23 10:28:56+02:00,False
2022-11-23 10:33:53+02:00,False
2022-11-23 10:38:50+02:00,False
2022-11-23 10:43:48+02:00,False
2022-11-23 10:48:45+02:00,False
2022-11-23 10:53:54+02:00,False
2022-11-23 10:58:51+02:00,False
2022-11-23 11:03:48+02:00,False
2022-11-23 11:08:45+02:00,False
2022-11-23 11:13:54+02:00,False
2022-11-23 11:18:51+02:00,False
2022-11-23 11:23:48+02:00,False
2022-11-23 11:28:45+02:00,False
2022-11-23 11:33:54+02:00,False
2022-11-23 11:38:51+02:00,False
2022-11-23 11:43:49+02:00,False
2022-11-23 11:48:46+02:00,False
2022-11-23 11:53:55+02:00,False
2022-11-23 11:58:53+02:00,False
2022-11-23 12:03:50+02:00,False
2022-11-23 12:08:47+02:00,False
2022-11-23 12:13:56+02:00,False
2022-11-23 12:18:53+02:00,False
2022-11-23 12:23:50+02:00,False
2022-11-23 12:28:47+02:00,False
2022-11-23 12:33:56+02:00,False
2022-11-23 12:38:53+02:00,False
2022-11-23 12:43:53+02:00,False
2022-11-23 12:48:50+02:00,False
2022-11-23 12:53:48+02:00,False
2022-11-23 12:58:45+02:00,False
2022-11-23 13:03:53+02:00,False
2022-11-23 13:08:51+02:00,False
2022-11-23 13:13:48+02:00,False
2022-11-23 13:18:45+02:00,False
2022-11-23 13:23:54+02:00,False
2022-11-23 13:28:51+02:00,False
2022-11-23 13:33:48+02:00,False
2022-11-23 13:38:45+02:00,False
2022-11-23 13:43:54+02:00,False
2022-11-23 13:48:51+02:00,False
2022-11-23 13:53:48+02:00,False
2022-11-23 13:58:45+02:00,False
2022-11-23 14:03:54+02:00,False
2022-11-23 14:08:51+02:00,False
2022-11-23 14:13:49+02:00,False
2022-11-23 14:18:46+02:00,False
2022-11-23 14:23:55+02:00,False
2022-11-23 14:28:52+02:00,False
2022-11-23 14:33:49+02:00,False
2022-11-23 14:38:46+02:00,False
2022-11-23 14:43:55+02:00,False
2022-11-23 14:48:53+02:00,False
2022-11-23 14:53:50+02:00,False
2022-11-23 14:58:47+02:00,False
2022-11-23 15:03:55+02:00,False
2022-11-23 15:08:53+02:00,False
2022-11-23 15:13:50+02:00,False
2022-11-23 15:18:47+02:00,False
2022-11-23 15:23:55+02:00,False
2022-11-23 15:28:53+02:00,False
2022-11-23 15:33:50+02:00,False
2022-11-23 15:38:47+02:00,False
2022-11-23 15:43:56+02:00,False
2022-11-23 15:48:53+02:00,False
2022-11-23 15:53:51+02:00,False
2022-11-23 15:58:48+02:00,False
2022-11-23 16:03:45+02:00,False
2022-11-23 16:08:54+02:00,False
2022-11-23 16:13:55+02:00,False
2022-11-23 16:18:52+02:00,False
2022-11-23 16:23:49+02:00,False
2022-11-23 16:28:47+02:00,False
2022-11-23 16:33:45+02:00,False
2022-11-23 16:38:54+02:00,False
2022-11-23 16:43:51+02:00,False
2022-11-23 16:48:48+02:00,False
2022-11-23 16:53:46+02:00,False
2022-11-23 16:58:45+02:00,False
2022-11-23 17:03:54+02:00,False
2022-11-23 17:08:51+02:00,False
2022-11-23 17:13:48+02:00,False
2022-11-23 17:18:45+02:00,False
2022-11-23 17:23:54+02:00,False
2022-11-23 17:28:52+02:00,True
2022-11-23 17:33:50+02:00,True
2022-11-23 17:38:48+02:00,True
2022-11-23 17:43:45+02:00,False
2022-11-23 17:48:54+02:00,False
2022-11-23 17:53:51+02:00,True
2022-11-23 17:58:48+02:00,True
2022-11-23 18:03:45+02:00,False
2022-11-23 18:08:54+02:00,False
2022-11-23 18:13:54+02:00,False
2022-11-23 18:18:51+02:00,False
2022-11-23 18:23:48+02:00,False
2022-11-23 18:28:45+02:00,False
2022-11-23 18:33:53+02:00,False
2022-11-23 18:38:49+02:00,False
2022-11-23 18:43:46+02:00,False
2022-11-23 18:48:54+02:00,False
2022-11-23 18:53:51+02:00,False
2022-11-23 18:58:48+02:00,False
2022-11-23 19:03:56+02:00,False
2022-11-23 19:08:53+02:00,False
2022-11-23 19:13:49+02:00,False
2022-11-23 19:18:46+02:00,False
2022-11-23 19:23:54+02:00,False
2022-11-23 19:28:50+02:00,False
2022-11-23 19:33:47+02:00,False
2022-11-23 19:38:55+02:00,False
2022-11-23 19:43:52+02:00,False
2022-11-23 19:48:49+02:00,False
2022-11-23 19:53:45+02:00,False
2022-11-23 19:58:54+02:00,False
2022-11-23 20:03:55+02:00,False
2022-11-23 20:08:52+02:00,False
2022-11-23 20:13:49+02:00,False
2022-11-23 20:18:46+02:00,False
2022-11-23 20:23:55+02:00,False
2022-11-23 20:28:53+02:00,False
2022-11-23 20:33:50+02:00,False
2022-11-23 20:38:47+02:00,False
2022-11-23 20:43:47+02:00,True
2022-11-23 20:48:56+02:00,True
2022-11-23 20:53:53+02:00,True
2022-11-23 20:58:50+02:00,False
2022-11-23 21:03:47+02:00,False
2022-11-23 21:08:56+02:00,False
2022-11-23 21:13:53+02:00,False
2022-11-23 21:18:50+02:00,False
2022-11-23 21:23:47+02:00,False
2022-11-23 21:28:56+02:00,False
2022-11-23 21:33:53+02:00,True
2022-11-23 21:38:53+02:00,False
2022-11-23 21:43:51+02:00,False
2022-11-23 21:48:48+02:00,False
2022-11-23 21:53:52+02:00,True
2022-11-23 21:58:49+02:00,True
2022-11-23 22:03:46+02:00,True
2022-11-23 22:08:55+02:00,True
2022-11-23 22:13:52+02:00,False
2022-11-23 22:18:50+02:00,False
2022-11-23 22:23:47+02:00,False
2022-11-23 22:28:56+02:00,False
2022-11-23 22:33:53+02:00,False
2022-11-23 22:38:50+02:00,False
2022-11-23 22:43:47+02:00,False
2022-11-23 22:48:56+02:00,False
2022-11-23 22:53:53+02:00,False
2022-11-23 22:58:50+02:00,False
2022-11-23 23:03:48+02:00,False
2022-11-23 23:08:45+02:00,False
2022-11-23 23:11:53+02:00,False
2022-11-23 23:13:56+02:00,False
2022-11-23 23:18:53+02:00,True
2022-11-23 23:23:50+02:00,False
2022-11-23 23:28:48+02:00,False
2022-11-23 23:32:33+02:00,False
2022-11-23 23:33:49+02:00,False
2022-11-23 23:38:46+02:00,False
2022-11-23 23:43:55+02:00,False
2022-11-23 23:48:53+02:00,False
2022-11-23 23:53:50+02:00,False
2022-11-23 23:58:47+02:00,False